"full_state","district","total_pop","agr_pop","agr_pop_perc","state","st_dist","last_name","thomas_id","id","k55","k60","k65","k70","k85","agr_speeches","agr_per_dummy"
"Alabama","1",696783,5946,0.00853350325711161,"AL","AL-1","Bonner","1703","B001244",0,0,0,0,0,0,"low"
"Alabama","1",696783,5946,0.00853350325711161,"AL","AL-1","Byrne","2197","B001289",NA,NA,NA,NA,NA,NA,"low"
"Alabama","2",678622,6957,0.0102516570344021,"AL","AL-2","Roby","1986","R000591",0.125,0,0,0,0,0.031,"low"
"Alabama","3",706574,4000,0.00566111971286801,"AL","AL-3","Rogers","1704","R000575",0,0,0,0,0,0,"low"
"Alabama","4",683372,5364,0.00784931194137307,"AL","AL-4","Aderholt","1460","A000055",0,0,0,0,0,0,"low"
"Alabama","5",706373,3205,0.00453726289085228,"AL","AL-5","Brooks","1987","B001274",0,0,0,0,0,0,"low"
"Alabama","6",696788,3202,0.00459537190651963,"AL","AL-6","Bachus","38","B000013",0,0,0,0,0.333333333333333,0,"low"
"Alabama","7",680865,4183,0.00614365549705154,"AL","AL-7","Sewell","1988","S001185",0.0975609756097561,0,0,0,0,0.024,"low"
"Alaska","1",736732,19628,0.0266419810731718,"AK","AK-at_large","Young","1256","Y000033",0.142857142857143,0,0,0,0,0.036,"low"
"Arizona","1",739373,12614,0.0170604011777547,"AZ","AZ-1","Kirkpatrick","1907","K000368",0,0,0,0,0,0,"low"
"Arizona","2",713036,4468,0.00626616327927342,"AZ","AZ-2","Barber","2093","B001279",0,0,0,0,0,0,"low"
"Arizona","3",757119,12149,0.0160463546681565,"AZ","AZ-3","Grijalva","1708","G000551",0,0,0,0.1,0,0.025,"low"
"Arizona","4",734258,8537,0.0116267034203236,"AZ","AZ-4","Gosar","1992","G000565",0.032258064516129,0.0645161290322581,0,0,0,0.024,"low"
"Arizona","5",781441,2954,0.00378019581772648,"AZ","AZ-5","Salmon","1009","S000018",0,0,0,0.0833333333333333,0,0.021,"low"
"Arizona","6",737185,1912,0.00259365016922482,"AZ","AZ-6","Schweikert","1994","S001183",0.166666666666667,0,0,0,0,0.042,"low"
"Arizona","7",763089,3632,0.00475960209097497,"AZ","AZ-7","Pastor","893","P000099",0,0.375,0,0,0,0.094,"low"
"Arizona","8",760904,978,0.00128531325896565,"AZ","AZ-8","Franks","1707","F000448",NA,NA,NA,NA,NA,NA,"low"
"Arizona","9",745079,1217,0.00163338384251871,"AZ","AZ-9","Sinema","2099","S001191",0,0.0434782608695652,0,0.0434782608695652,0,0.022,"low"
"Arkansas","1",723492,14803,0.0204604888512934,"AR","AR-1","Crawford","1989","C001087",0.125,0,0,0.125,0,0.062,"low"
"Arkansas","2",756326,7730,0.0102204604892599,"AR","AR-2","Griffin","1990","G000567",0,0,0,0,0,0,"low"
"Arkansas","3",767904,4631,0.00603070175438596,"AR","AR-3","Womack","1991","W000809",0.125,0,0,0,0.125,0.031,"low"
"Arkansas","4",718647,14983,0.0208489007816077,"AR","AR-4","Cotton","2098","C001095",0,0,0,0,0,0,"low"
"California","1",710428,9558,0.0134538616158147,"CA","CA-1","LaMalfa","2100","L000578",0,0,0,0.0333333333333333,0,0.008,"low"
"California","2",720049,9004,0.012504704540941,"CA","CA-2","Huffman","2101","H001068",0.111111111111111,0,0,0.037037037037037,0,0.037,"low"
"California","3",720104,17053,0.0236813015897704,"CA","CA-3","Garamendi","1973","G000559",0.0888888888888889,0,0,0,0,0.022,"low"
"California","4",719688,4384,0.0060915285512611,"CA","CA-4","McClintock","1908","M001177",0.0526315789473684,0,0,0,0,0.013,"low"
"California","5",722814,8712,0.0120528932754485,"CA","CA-5","Thompson","1593","T000460",0,0,0,0.0273972602739726,0,0.007,"low"
"California","6",737671,2550,0.0034568256038261,"CA","CA-6","Matsui","1814","M001163",0,0,0,0.0833333333333333,0,0.021,"low"
"California","7",736555,2774,0.00376618175153247,"CA","CA-7","Bera","2102","B001287",0,0,0,0,0,0,"low"
"California","8",715953,3607,0.00503804020654987,"CA","CA-8","Cook","2103","C001094",0.214285714285714,0,0,0.0714285714285714,0,0.071,"low"
"California","9",738320,15537,0.0210437208798353,"CA","CA-9","McNerney","1832","M001166",0.0434782608695652,0,0,0.173913043478261,0,0.054,"low"
"California","10",732084,12800,0.0174843323990143,"CA","CA-10","Denham","1995","D000612",0.0677966101694915,0,0,0,0.0169491525423729,0.017,"low"
"California","11",739693,1969,0.00266191514587809,"CA","CA-11","Miller","808","M000725",NA,NA,NA,NA,NA,NA,"low"
"California","12",736123,932,0.00126609275895469,"CA","CA-12","Pelosi","905","P000197",0,0.2,0,0,0,0.05,"low"
"California","13",743310,2188,0.00294359015753858,"CA","CA-13","Lee","1501","L000551",0.0317460317460317,0,0,0,0,0.008,"low"
"California","14",753002,2380,0.00316068217614296,"CA","CA-14","Speier","1890","S001175",0,0,0,0,0,0,"low"
"California","15",753911,2346,0.00311177314033089,"CA","CA-15","Swalwell","2104","S001193",0.032258064516129,0,0,0,0,0.008,"low"
"California","16",718849,33696,0.0468749347915904,"CA","CA-16","Costa","1774","C001059",0.206611570247934,0.0165289256198347,0,0.0247933884297521,0,0.062,"low"
"California","17",756995,1091,0.00144122484296462,"CA","CA-17","Honda","1634","H001034",0,0.0810810810810811,0,0,0,0.02,"low"
"California","18",734378,1548,0.00210790628259561,"CA","CA-18","Eshoo","355","E000215",0.425,0,0,0,0,0.106,"low"
"California","19",746211,2715,0.00363838110132389,"CA","CA-19","Lofgren","701","L000397",0,0.1,0,0,0,0.025,"low"
"California","20",732074,40841,0.0557880760688127,"CA","CA-20","Farr","368","F000030",0.180555555555556,0.0277777777777778,0,0.0277777777777778,0,0.059,"low"
"California","21",712295,69753,0.0979271228914986,"CA","CA-21","Valadao","2105","V000129",0.0208333333333333,0.0416666666666667,0,0.0416666666666667,0,0.026,"low"
"California","22",739418,28150,0.0380704824605298,"CA","CA-22","Nunes","1710","N000181",0,0.333333333333333,0,0.111111111111111,0,0.111,"low"
"California","23",747914,33142,0.0443125813930479,"CA","CA-23","McCarthy","1833","M001165",0,0,0,0,0,0,"low"
"California","24",726519,19294,0.0265567727753851,"CA","CA-24","Capps","1471","C001036",0,0,0,0.230769230769231,0,0.058,"low"
"California","25",718796,2580,0.00358933549991931,"CA","CA-25","McKeon","778","M000508",0,0,0,0,0,0,"low"
"California","26",725795,20322,0.0279996417721257,"CA","CA-26","Brownley","2106","B001285",0,0,0,0.111111111111111,0,0.028,"low"
"California","27",714911,1128,0.00157781877744223,"CA","CA-27","Chu","1970","C001080",0,0,0,0,0,0,"low"
"California","28",721435,1201,0.00166473764095171,"CA","CA-28","Schiff","1635","S001150",0.0285714285714286,0.0571428571428571,0,0,0,0.021,"low"
"California","29",718633,3187,0.00443480886627806,"CA","CA-29","Cardenas","2107","C001097",0.142857142857143,0,0,0.142857142857143,0,0.071,"low"
"California","30",754331,676,0.000896158317767664,"CA","CA-30","Sherman","1526","S000344",0.125,0.125,0,0,0,0.062,"low"
"California","31",738321,1716,0.00232419232285144,"CA","CA-31","Miller","1584","M001139",NA,NA,NA,NA,NA,NA,"low"
"California","32",735945,2593,0.00352336112073592,"CA","CA-32","Napolitano","1602","N000179",0,0,0,0,0,0,"low"
"California","33",714411,765,0.00107081217954371,"CA","CA-33","Waxman","1209","W000215",0.1875,0.125,0,0.125,0,0.109,"low"
"California","34",720406,1972,0.0027373453302721,"CA","CA-34","Becerra","70","B000287",0.1,0,0,0,0,0.025,"low"
"California","35",732845,2643,0.00360649250523644,"CA","CA-35","Negrete McLeod","2108","N000187",0,0,0,0,0,0,"low"
"California","36",746522,9708,0.0130043052984373,"CA","CA-36","Ruiz","2109","R000599",NA,NA,NA,NA,NA,NA,"low"
"California","37",723724,1823,0.00251891605087022,"CA","CA-37","Bass","1996","B001270",0,0,0,0,0,0,"low"
"California","38",720208,2109,0.00292832070735121,"CA","CA-38","Sanchez","1757","S001156",NA,NA,NA,NA,NA,NA,"low"
"California","39",716854,1646,0.00229614398468865,"CA","CA-39","Royce","998","R000487",0.0666666666666667,0,0,0,0,0.017,"low"
"California","40",713940,2339,0.00327618567386615,"CA","CA-40","Roybal-Allard","997","R000486",0,0,0,0,0,0,"low"
"California","41",739287,3071,0.00415400243748368,"CA","CA-41","Takano","2110","T000472",0,0,0,0,0,0,"low"
"California","42",754191,3212,0.00425886811165872,"CA","CA-42","Calvert","165","C000059",0.185185185185185,0,0,0.037037037037037,0,0.056,"low"
"California","43",731916,1346,0.00183900884800988,"CA","CA-43","Waters","1205","W000187",0,0,0,0,0,0,"low"
"California","44",726147,2464,0.003393252330451,"CA","CA-44","Hahn","2089","H001063",0.294117647058824,0.0588235294117647,0,0.0588235294117647,0,0.103,"low"
"California","45",763368,570,0.000746690979972962,"CA","CA-45","Campbell","1816","C001064",0,0,0,0,0,0,"low"
"California","46",730783,2633,0.00360298474376114,"CA","CA-46","Sanchez","1522","S000030",NA,NA,NA,NA,NA,NA,"low"
"California","47",718747,1775,0.0024695755251848,"CA","CA-47","Lowenthal","2111","L000579",0,0,0,0,0,0,"low"
"California","48",726491,1361,0.00187338865863445,"CA","CA-48","Rohrabacher","979","R000409",0,0,0,0.6,0,0.15,"low"
"California","49",728456,4646,0.00637787320030311,"CA","CA-49","Issa","1640","I000056",0,0,0,0,0,0,"low"
"California","50",737332,7987,0.0108322980692551,"CA","CA-50","Hunter","1909","H001048",0,0.166666666666667,0,0,0,0.042,"low"
"California","51",720935,7233,0.0100328046217759,"CA","CA-51","Vargas","2112","V000130",0.1,0,0,0,0,0.025,"low"
"California","52",759602,1050,0.00138230283753861,"CA","CA-52","Peters","2113","P000608",0,0,0,0.1,0,0.025,"low"
"California","53",753810,1199,0.00159058648731113,"CA","CA-53","Davis","1641","D000598",0,0.1,0,0,0,0.025,"low"
"Colorado","1",788694,6178,0.00783320273769041,"CO","CO-1","DeGette","1479","D000197",0,0,0,0,0,0,"low"
"Colorado","2",765721,8166,0.0106644587258283,"CO","CO-2","Polis","1910","P000598",0,0.0769230769230769,0,0,0,0.019,"low"
"Colorado","3",729368,21147,0.0289935944543769,"CO","CO-3","Tipton","1997","T000470",0.0238095238095238,0,0,0.0238095238095238,0,0.012,"low"
"Colorado","4",768242,21560,0.0280640735601542,"CO","CO-4","Gardner","1998","G000562",0,0.032258064516129,0,0,0.032258064516129,0.008,"low"
"Colorado","5",759664,3527,0.00464284209861202,"CO","CO-5","Lamborn","1834","L000564",0.04,0.08,0,0,0,0.03,"low"
"Colorado","6",772966,7044,0.00911294934059195,"CO","CO-6","Coffman","1912","C001077",0,0.0555555555555556,0,0,0,0.014,"low"
"Colorado","7",771211,6090,0.00789667159830449,"CO","CO-7","Perlmutter","1835","P000593",0,0,0,0,0,0,"low"
"Connecticut","1",711205,679,0.000954717697429011,"CT","CT-1","Larson","1583","L000557",0,0,0,0,0.166666666666667,0,"low"
"Connecticut","2",710798,2897,0.0040757008320226,"CT","CT-2","Courtney","1836","C001069",0.0277777777777778,0,0,0,0,0.007,"low"
"Connecticut","3",720986,1181,0.00163803458042181,"CT","CT-3","DeLauro","281","D000216",0,0,0,0,0,0,"low"
"Connecticut","4",740215,1124,0.00151847773957566,"CT","CT-4","Himes","1913","H001047",0,0,0,0,0,0,"low"
"Connecticut","5",713473,1765,0.00247381470637291,"CT","CT-5","Esty","2114","E000293",0,0.05,0,0,0,0.012,"low"
"Delaware","1",935614,3745,0.00400271907004384,"DE","DE-at_large","Carney","1999","C001083",0,0,0,0,0,0,"low"
"District of Columbia","1",658893,210,0.000318716392494684,"DC","DC-at_large",NA,NA,NA,NA,NA,NA,NA,NA,NA,"low"
"Florida","1",743897,3072,0.00412960396398964,"FL","FL-1","Miller","1685","M001144",0.145454545454545,0,0,0,0,0.036,"low"
"Florida","2",711296,4121,0.00579364990102573,"FL","FL-2","Southerland","2000","S001186",0,0,0,0,0,0,"low"
"Florida","3",716034,5566,0.00777337389006667,"FL","FL-3","Yoho","2115","Y000065",0,0,0,0,0,0,"low"
"Florida","4",714880,685,0.000958202775290958,"FL","FL-4","Crenshaw","1643","C001045",0.0769230769230769,0,0,0,0,0.019,"low"
"Florida","5",742217,1762,0.00237396879888227,"FL","FL-5","Brown","132","B000911",0,0,0,0,0,0,"low"
"Florida","6",736069,4895,0.00665019176191362,"FL","FL-6","DeSantis","2116","D000621",0,0,0,0,0,0,"low"
"Florida","7",735643,1420,0.00193028411879132,"FL","FL-7","Mica","800","M000689",0,0,0,0,0,0,"low"
"Florida","8",715672,1364,0.00190590102728624,"FL","FL-8","Posey","1915","P000599",0,0,0,0,0,0,"low"
"Florida","9",769993,2705,0.00351301894952292,"FL","FL-9","Grayson","1914","G000556",0.0125,0,0,0,0,0.003,"low"
"Florida","10",758350,2095,0.00276257664666711,"FL","FL-10","Webster","2002","W000806",0.181818181818182,0,0,0,0,0.045,"low"
"Florida","11",728133,4069,0.00558826478129682,"FL","FL-11","Nugent","2001","N000185",0,0,0,0,0,0,"low"
"Florida","12",729937,1780,0.00243856661602303,"FL","FL-12","Bilirakis","1838","B001257",0,0.117647058823529,0,0,0,0.029,"low"
"Florida","13",707503,920,0.00130034784304802,"FL","FL-13","Jolly",NA,"J000296",NA,NA,NA,NA,NA,NA,"low"
"Florida","13",707503,920,0.00130034784304802,"FL","FL-13","Young","1255","Y000031",0,0,0,0.125,0,0.031,"low"
"Florida","14",757963,2549,0.00336296098886093,"FL","FL-14","Castor","1839","C001066",0,0,0,0.05,0,0.012,"low"
"Florida","15",724176,5312,0.00733523342391905,"FL","FL-15","Ross","2003","R000593",0,0.166666666666667,0,0,0,0.042,"low"
"Florida","16",744076,2005,0.00269461721652089,"FL","FL-16","Buchanan","1840","B001260",0,0,0,0,0,0,"low"
"Florida","17",725251,16129,0.0222391971882838,"FL","FL-17","Rooney","1916","R000583",0,0,0,0,0,0,"low"
"Florida","18",731704,3025,0.00413418540830718,"FL","FL-18","Murphy","2117","M001191",0.0555555555555556,0.037037037037037,0,0,0.037037037037037,0.023,"low"
"Florida","19",753542,2672,0.00354592046627792,"FL","FL-19","Radel","2118","R000596",0,0,0,0,0,0,"low"
"Florida","20",745656,4934,0.0066169922859871,"FL","FL-20","Hastings","511","H000324",0.0919540229885057,0.103448275862069,0,0.0114942528735632,0,0.052,"low"
"Florida","21",742664,1029,0.00138555255135566,"FL","FL-21","Deutch","1976","D000610",0.0666666666666667,0.1,0,0.0333333333333333,0,0.05,"low"
"Florida","22",731165,1013,0.00138546019024434,"FL","FL-22","Frankel","2119","F000462",0.0277777777777778,0.0185185185185185,0,0.0185185185185185,0,0.016,"low"
"Florida","23",730033,773,0.00105885624348488,"FL","FL-23","Wasserman Schultz","1777","W000797",0,0,0,0,0,0,"low"
"Florida","24",741950,420,0.000566075881124065,"FL","FL-24","Wilson","2004","W000808",0,0,0,0,0,0,"low"
"Florida","25",745358,10633,0.0142656280606098,"FL","FL-25","Diaz-Balart","1717","D000600",0,0.153846153846154,0,0,0,0.038,"low"
"Florida","26",749692,5410,0.0072162968258965,"FL","FL-26","Garcia","2120","G000573",0.0294117647058824,0,0,0,0,0.007,"low"
"Florida","27",760443,2207,0.00290225565887253,"FL","FL-27","Ros-Lehtinen","985","R000435",0,0.032258064516129,0,0,0,0.008,"low"
"Georgia","1",729328,3628,0.00497444222626857,"GA","GA-1","Kingston","636","K000220",0,0,0,0,0,0,"low"
"Georgia","2",685342,9062,0.0132225954341044,"GA","GA-2","Bishop Jr.","91","B000490",NA,NA,NA,NA,NA,NA,"low"
"Georgia","3",725530,1171,0.00161399252959905,"GA","GA-3","Westmoreland","1779","W000796",0,0,0,0,0,0,"low"
"Georgia","4",728367,1373,0.00188503872361049,"GA","GA-4","Johnson","1843","J000288",0,0,0,0.214285714285714,0,0.054,"low"
"Georgia","5",738016,729,0.000987783462689156,"GA","GA-5","Lewis","688","L000287",0,0.0909090909090909,0,0,0,0.023,"low"
"Georgia","6",732089,1523,0.00208034815439106,"GA","GA-6","Price","1778","P000591",NA,NA,NA,NA,NA,NA,"low"
"Georgia","7",752996,1198,0.00159097790692115,"GA","GA-7","Woodall","2008","W000810",NA,NA,NA,NA,NA,NA,"low"
"Georgia","8",705698,9212,0.0130537425357589,"GA","GA-8","Scott","2009","S001189",NA,NA,NA,NA,NA,NA,"low"
"Georgia","9",717371,5664,0.00789549619374076,"GA","GA-9","Collins","2121","C001093",0,0,0,0,0,0,"low"
"Georgia","10",713570,5952,0.00834115784015584,"GA","GA-10","Broun","1882","B001262",0,0,0,0,0,0,"low"
"Georgia","11",725169,1425,0.00196505917930855,"GA","GA-11","Gingrey","1720","G000550",0.108108108108108,0,0,0,0,0.027,"low"
"Georgia","12",701628,5440,0.00775339638668924,"GA","GA-12","Barrow","1780","B001252",0,0,0,0,0,0,"low"
"Georgia","13",741383,535,0.000721624315637127,"GA","GA-13","Scott","1722","S001157",NA,NA,NA,NA,NA,NA,"low"
"Georgia","14",700856,2982,0.00425479699110802,"GA","GA-14","Graves","1979","G000560",0,0,0,0,0,0,"low"
"Hawaii","1",707541,1526,0.0021567654736616,"HI","HI-1","Hanabusa","2010","H001050",0,0,0,0,0,0,"low"
"Hawaii","2",712020,10270,0.0144237521417938,"HI","HI-2","Gabbard","2122","G000571",0,0,0,0,0,0,"low"
"Idaho","1",834295,17394,0.0208487405534014,"ID","ID-1","Labrador","2011","L000573",0,0,0,0,0,0,"low"
"Idaho","2",800169,23770,0.0297062245600617,"ID","ID-2","Simpson","1590","S001148",0,0,0,0,0,0,"low"
"Illinois","1",717741,481,0.000670158176835377,"IL","IL-1","Rush","1003","R000515",0,0.25,0,0,0,0.062,"low"
"Illinois","2",707817,2403,0.003394945303659,"IL","IL-2","Kelly","2190","K000385",0,0,0,0,0,0,"low"
"Illinois","3",730269,600,0.000821615048701232,"IL","IL-3","Lipinski","1781","L000563",0.0258620689655172,0.0344827586206897,0,0.0172413793103448,0,0.019,"low"
"Illinois","4",725616,745,0.00102671385415978,"IL","IL-4","Gutierrez","478","G000535",NA,NA,NA,NA,NA,NA,"low"
"Illinois","5",717666,315,0.000438922841544674,"IL","IL-5","Quigley","1967","Q000023",0.0303030303030303,0.0606060606060606,0,0.0303030303030303,0,0.03,"low"
"Illinois","6",734700,875,0.00119096229753641,"IL","IL-6","Roskam","1848","R000580",0,0,0,0,0,0,"low"
"Illinois","7",727478,341,0.000468742697373666,"IL","IL-7","Davis","1477","D000096",NA,NA,NA,NA,NA,NA,"low"
"Illinois","8",725320,679,0.000936138531958308,"IL","IL-8","Duckworth","2123","D000622",0,0,0,0,0,0,"low"
"Illinois","9",710295,592,0.000833456521586102,"IL","IL-9","Schakowsky","1588","S001145",0.0444444444444444,0.0222222222222222,0,0,0,0.017,"low"
"Illinois","10",711698,995,0.00139806490955433,"IL","IL-10","Schneider","2124","S001190",0,0.027027027027027,0,0.027027027027027,0,0.014,"low"
"Illinois","11",712657,1105,0.00155053553111806,"IL","IL-11","Foster","1888","F000454",0,0.0204081632653061,0,0.0204081632653061,0,0.01,"low"
"Illinois","12",701698,6037,0.00860341628449846,"IL","IL-12","Enyart","2125","E000292",0,0,0,0,0.08,0,"low"
"Illinois","13",715374,5884,0.00822506828595951,"IL","IL-13","Davis","2126","D000619",NA,NA,NA,NA,NA,NA,"low"
"Illinois","14",725522,3557,0.00490267696913395,"IL","IL-14","Hultgren","2015","H001059",0,0,0,0,0,0,"low"
"Illinois","15",705504,16720,0.0236993695287341,"IL","IL-15","Shimkus","1527","S000364",0.08,0.08,0,0,0,0.04,"low"
"Illinois","16",699582,8815,0.0126003813705899,"IL","IL-16","Kinzinger","2014","K000378",0.176470588235294,0,0,0.0588235294117647,0,0.059,"low"
"Illinois","17",701014,5924,0.00845061582222324,"IL","IL-17","Bustos","2127","B001286",0.00595238095238095,0.0238095238095238,0,0.00595238095238095,0.160714285714286,0.009,"low"
"Illinois","18",710629,10028,0.0141114421167726,"IL","IL-18","Schock","1920","S001179",0,0,0,0,0,0,"low"
"Indiana","1",718064,1717,0.0023911517636311,"IN","IN-1","Visclosky","1188","V000108",0,0,0,0,0,0,"low"
"Indiana","2",721627,4809,0.00666410763455358,"IN","IN-2","Walorski","2128","W000813",0,0.0588235294117647,0,0,0,0.015,"low"
"Indiana","3",734384,5053,0.00688059652715745,"IN","IN-3","Stutzman","1981","S001188",0,0.142857142857143,0,0,0,0.036,"low"
"Indiana","4",742958,6100,0.00821042373862318,"IN","IN-4","Rokita","2017","R000592",0.129032258064516,0.032258064516129,0,0,0,0.04,"low"
"Indiana","5",743454,2848,0.00383076827887132,"IN","IN-5","Brooks","2129","B001284",0.0175438596491228,0,0,0.0175438596491228,0,0.009,"low"
"Indiana","6",720106,5189,0.00720588357825098,"IN","IN-6","Messer","2130","M001189",0.123595505617978,0,0,0,0.0112359550561798,0.031,"low"
"Indiana","7",756223,1034,0.0013673215440419,"IN","IN-7","Carson","1889","C001072",0,0,0,0,0,0,"low"
"Indiana","8",723064,11121,0.0153803812663886,"IN","IN-8","Bucshon","2018","B001275",0,0,0,0,0,0,"low"
"Indiana","9",736975,3577,0.00485362461413209,"IN","IN-9","Young","2019","Y000064",0,0,0,0.1,0,0.025,"low"
"Iowa","1",770612,14717,0.0190978079759983,"IA","IA-1","Braley","1845","B001259",0,0,0,0,0,0,"low"
"Iowa","2",776785,12500,0.0160919688202012,"IA","IA-2","Loebsack","1846","L000565",0,0,0,0,0.333333333333333,0,"low"
"Iowa","3",801039,11236,0.0140267827159477,"IA","IA-3","Latham","666","L000111",0.0127388535031847,0.0254777070063694,0.5,0,0,0.135,"low"
"Iowa","4",758690,25226,0.0332494167578326,"IA","IA-4","King","1724","K000362",NA,NA,NA,NA,NA,NA,"low"
"Kansas","1",718346,29464,0.0410164461137112,"KS","KS-1","Huelskamp","2020","H001057",0,0,0,0,0,0,"low"
"Kansas","2",715446,10104,0.0141226591524727,"KS","KS-2","Jenkins","1921","J000290",0,0,0,0,0,0,"low"
"Kansas","3",749250,2853,0.00380780780780781,"KS","KS-3","Yoder","2021","Y000063",0,0,0,0,0,0,"low"
"Kansas","4",720979,10029,0.0139102525871073,"KS","KS-4","Pompeo","2022","P000602",0,0,0,0,0,0,"low"
"Kentucky","1",724041,15056,0.0207944025269287,"KY","KY-1","Whitfield","1222","W000413",0.0833333333333333,0.166666666666667,0,0,0,0.062,"low"
"Kentucky","2",742858,8152,0.0109738334917306,"KY","KY-2","Guthrie","1922","G000558",0.0526315789473684,0,0,0,0,0.013,"low"
"Kentucky","3",736532,1830,0.00248461709742414,"KY","KY-3","Yarmuth","1853","Y000062",0,0,0,0,0,0,"low"
"Kentucky","4",748191,4213,0.00563091510055587,"KY","KY-4","Massie","2094","M001184",0,0,0,0,0,0,"low"
"Kentucky","5",712274,11445,0.0160682546323465,"KY","KY-5","Rogers","977","R000395",0.0357142857142857,0,0,0.0357142857142857,0,0.018,"low"
"Kentucky","6",749561,10136,0.0135225818845965,"KY","KY-6","Barr","2131","B001282",0.0111111111111111,0.0222222222222222,0,0.0222222222222222,0.0444444444444444,0.014,"low"
"Louisiana","1",796858,13457,0.0168875759545615,"LA","LA-1","Scalise","1892","S001176",0,0,0,0,0,0,"low"
"Louisiana","2",775807,5821,0.00750315477947479,"LA","LA-2","Richmond","2023","R000588",0.136363636363636,0,0,0,0,0.034,"low"
"Louisiana","3",777665,35415,0.0455401747539107,"LA","LA-3","Boustany Jr.","1787","B001255",NA,NA,NA,NA,NA,NA,"low"
"Louisiana","4",756663,17900,0.0236565023002314,"LA","LA-4","Fleming","1924","F000456",0,0,0,0,0,0,"low"
"Louisiana","5",750819,16014,0.0213287090497177,"LA","LA-5","Alexander","1727","A000361",0,0,0,0,0,0,"low"
"Louisiana","5",750819,16014,0.0213287090497177,"LA","LA-5","McAllister","2195","M001192",0.333333333333333,0,0,0,0,0.083,"low"
"Louisiana","6",791864,10497,0.0132560641726357,"LA","LA-6","Cassidy","1925","C001075",0,0,0,0,0,0,"low"
"Maine","1",673835,6885,0.0102176348809427,"ME","ME-1","Pingree","1927","P000597",0,0,0,0.25,0,0.062,"low"
"Maine","2",656254,11156,0.016999515431525,"ME","ME-2","Michaud","1730","M001149",0.0161290322580645,0.0161290322580645,0,0.0161290322580645,0,0.012,"low"
"Maryland","1",728405,6700,0.00919817958415991,"MD","MD-1","Harris","2026","H001052",0,0.333333333333333,0,0,0,0.083,"low"
"Maryland","2",743321,749,0.00100764003707685,"MD","MD-2","Ruppersberger","1728","R000576",0,0,0,0,0,0,"low"
"Maryland","3",768378,1091,0.00141987407239666,"MD","MD-3","Sarbanes","1854","S001168",0,0.181818181818182,0,0,0,0.045,"low"
"Maryland","4",742761,611,0.000822606464259701,"MD","MD-4","Edwards","1894","E000290",0.0625,0,0,0.0625,0,0.031,"low"
"Maryland","5",753079,1590,0.00211133227722457,"MD","MD-5","Hoyer","566","H000874",0,0.125,0,0,0,0.031,"low"
"Maryland","6",755369,3654,0.00483737087436736,"MD","MD-6","Delaney","2133","D000620",0,0,0,0,0,0,"low"
"Maryland","7",738431,2047,0.00277209380429587,"MD","MD-7","Cummings","256","C000984",0,0,0,0,0,0,"low"
"Maryland","8",746663,2273,0.00304421137782373,"MD","MD-8","Van Hollen","1729","V000128",0,0,0,0,0,0,"low"
"Massachusetts","1",733426,3673,0.00500800353409887,"MA","MA-1","Neal","854","N000015",0,0,0,0,0,0,"low"
"Massachusetts","2",736475,2102,0.00285413625717098,"MA","MA-2","McGovern","1504","M000312",0,0,0,0,0,0,"low"
"Massachusetts","3",755778,2069,0.00273757637824864,"MA","MA-3","Tsongas","1884","T000465",0,0,0,0,0,0,"low"
"Massachusetts","4",748190,1632,0.00218126411740333,"MA","MA-4","Kennedy III","2172","K000379",NA,NA,NA,NA,NA,NA,"low"
"Massachusetts","5",755944,438,0.000579407998476078,"MA","MA-5","Clark","2196","C001101",NA,NA,NA,NA,NA,NA,"low"
"Massachusetts","5",755944,438,0.000579407998476078,"MA","MA-5","Markey","735","M000133",0,0,0,0,0,0,"low"
"Massachusetts","6",757309,1932,0.0025511383068206,"MA","MA-6","Tierney","1535","T000266",0,0,0,0,0,0,"low"
"Massachusetts","7",769929,1255,0.00163002043045528,"MA","MA-7","Capuano","1564","C001037",0,0,0,0,0,0,"low"
"Massachusetts","8",751768,699,0.000929808132296134,"MA","MA-8","Lynch","1686","L000562",0,0,0,0,0,0,"low"
"Massachusetts","9",736589,2754,0.00373885572551314,"MA","MA-9","Keating","2025","K000375",0.075,0.05,0,0.0125,0,0.034,"low"
"Michigan","1",703687,8733,0.0124103472140312,"MI","MI-1","Benishek","2027","B001271",0.0416666666666667,0,0,0,0,0.01,"low"
"Michigan","2",724843,6880,0.00949171061871329,"MI","MI-2","Huizenga","2028","H001058",0,0,0,0.0344827586206897,0,0.009,"low"
"Michigan","3",725487,4651,0.00641086608030192,"MI","MI-3","Amash","2029","A000367",NA,NA,NA,NA,NA,NA,"low"
"Michigan","4",702630,9326,0.0132729886284389,"MI","MI-4","Camp","166","C000071",0,0,0,0,0,0,"low"
"Michigan","5",687292,2326,0.00338429663083522,"MI","MI-5","Kildee","2134","K000380",0,0,0,0,0.166666666666667,0,"low"
"Michigan","6",712100,9141,0.0128366802415391,"MI","MI-6","Upton","1177","U000031",0,0,0,0,0,0,"low"
"Michigan","7",702894,5042,0.00717320108010596,"MI","MI-7","Walberg","1855","W000798",0.0588235294117647,0,0,0,0,0.015,"low"
"Michigan","8",725201,1341,0.00184914251359278,"MI","MI-8","Rogers","1651","R000572",0,0,0,0,0,0,"low"
"Michigan","9",720485,630,0.00087441098704345,"MI","MI-9","Levin","683","L000263",0.111111111111111,0.111111111111111,0,0.111111111111111,0,0.083,"low"
"Michigan","10",706525,6042,0.00855171437670288,"MI","MI-10","Miller","1731","M001150",0,0.125,0,0,0,0.031,"low"
"Michigan","11",718435,762,0.00106063874950413,"MI","MI-11","Bentivolio","2135","B001280",0,0,0,0,0,0,"low"
"Michigan","12",705207,1003,0.00142227743059839,"MI","MI-12","Dingell","299","D000355",0,0,0,0,0,0,"low"
"Michigan","13",687170,1299,0.00189036191917575,"MI","MI-13","Conyers Jr.","229","C000714",NA,NA,NA,NA,NA,NA,"low"
"Michigan","14",687921,253,0.0003677747880934,"MI","MI-14","Peters","1929","P000595",0.0169491525423729,0,0,0,0,0.004,"low"
"Minnesota","1",666946,17586,0.026367951828184,"MN","MN-1","Walz","1856","W000799",0,0,0,0,0,0,"low"
"Minnesota","2",689759,6233,0.00903648955649727,"MN","MN-2","Kline","1733","K000363",0,0,0,0,0,0,"low"
"Minnesota","3",685736,1721,0.00250971219244724,"MN","MN-3","Paulsen","1930","P000594",0,0,0,0,0,0,"low"
"Minnesota","4",695920,2321,0.00333515346591562,"MN","MN-4","McCollum","1653","M001143",0,0,0,0,0,0,"low"
"Minnesota","5",706584,1527,0.00216110186474644,"MN","MN-5","Ellison","1857","E000288",0.0909090909090909,0,0,0.0454545454545455,0,0.034,"low"
"Minnesota","6",684784,4624,0.00675249421715461,"MN","MN-6","Bachmann","1858","B001256",0,0,0,0,0,0,"low"
"Minnesota","7",662682,24361,0.0367612218228351,"MN","MN-7","Peterson","910","P000258",0.166666666666667,0,0,0,0,0.042,"low"
"Minnesota","8",664762,10122,0.015226502116547,"MN","MN-8","Nolan","867","N000127",0,0,0,0,0,0,"low"
"Mississippi","1",760275,6114,0.00804182697050409,"MS","MS-1","Nunnelee","2034","N000186",NA,NA,NA,NA,NA,NA,"low"
"Mississippi","2",722640,10329,0.0142934241115908,"MS","MS-2","Thompson","1151","T000193",0.0261437908496732,0,0,0.00326797385620915,0,0.007,"low"
"Mississippi","3",749430,14614,0.0195001534499553,"MS","MS-3","Harper","1933","H001045",0,0,0,0,0,0,"low"
"Mississippi","4",761734,10500,0.0137843394150714,"MS","MS-4","Palazzo","2035","P000601",0,0.0909090909090909,0,0,0,0.023,"low"
"Missouri","1",744782,1012,0.00135878686649248,"MO","MO-1","Clay","1654","C001049",0,0,0,0,0,0,"low"
"Missouri","2",758288,1435,0.00189242082164033,"MO","MO-2","Wagner","2137","W000812",0.0833333333333333,0,0,0,0,0.021,"low"
"Missouri","3",766993,5191,0.00676798875609034,"MO","MO-3","Luetkemeyer","1931","L000569",0,0.0161290322580645,0,0,0,0.004,"low"
"Missouri","4",763003,9419,0.0123446434679811,"MO","MO-4","Hartzler","2032","H001053",0.133333333333333,0.2,0,0.133333333333333,0,0.117,"low"
"Missouri","5",758442,3013,0.00397261755018841,"MO","MO-5","Cleaver II","1790","C001061",NA,NA,NA,NA,NA,NA,"low"
"Missouri","6",760291,9705,0.0127648492485114,"MO","MO-6","Graves","1656","G000546",0,0,0,0,1,0,"low"
"Missouri","7",765669,6653,0.0086891332938907,"MO","MO-7","Long","2033","L000576",0.0246913580246914,0,0,0.037037037037037,0,0.015,"low"
"Missouri","8",746121,11730,0.015721310618519,"MO","MO-8","Smith","2191","S001195",0,0,0,0.0222222222222222,0,0.006,"low"
"Missouri","8",746121,11730,0.015721310618519,"MO","MO-8","Emerson","1481","E000172",NA,NA,NA,NA,NA,NA,"low"
"Montana","1",1023579,37559,0.0366937969614461,"MT","MT-at_large","Daines","2138","D000618",0,0,0,0.0833333333333333,0,0.021,"low"
"Nebraska","1",634290,9868,0.0155575525390594,"NE","NE-1","Fortenberry","1793","F000449",NA,NA,NA,NA,NA,NA,"low"
"Nebraska","2",641045,2250,0.00350989400120116,"NE","NE-2","Terry","1566","T000459",0.0833333333333333,0,0,0,0,0.021,"low"
"Nebraska","3",606168,32237,0.0531816262158346,"NE","NE-3","Smith","1860","S001172",0.111111111111111,0,0,0.111111111111111,0,0.056,"low"
"Nevada","1",693623,1397,0.00201406239412476,"NV","NV-1","Titus","1940","T000468",0.0588235294117647,0.117647058823529,0,0,0,0.044,"low"
"Nevada","2",697426,16115,0.0231063940833866,"NV","NV-2","Amodei","2090","A000369",0.5,0,0,0,0,0.125,"low"
"Nevada","3",734973,1391,0.00189258653038955,"NV","NV-3","Heck","2040","H001055",0,0,0,0,0,0,"low"
"Nevada","4",713077,4346,0.00609471347414094,"NV","NV-4","Horsford","2147","H001066",0,0,0,0,0,0,"low"
"New Hampshire","1",665612,2550,0.00383106073808765,"NH","NH-1","Shea-Porter","1861","S001170",0,0,0,0,0,0,"low"
"New Hampshire","2",661201,4938,0.00746822826946723,"NH","NH-2","Kuster","2145","K000382",0,0,0,0,0,0,"low"
"New Mexico","1",699493,2943,0.00420733302549132,"NM","NM-1","Lujan Grisham","2146","L000580",NA,NA,NA,NA,NA,NA,"low"
"New Mexico","2",699424,23522,0.0336305302649037,"NM","NM-2","Pearce","1738","P000588",NA,NA,NA,NA,NA,NA,"low"
"New Mexico","3",686655,14129,0.0205765631940348,"NM","NM-3","Lujan","1939","L000570",NA,NA,NA,NA,NA,NA,"low"
"North Carolina","1",742851,5665,0.00762602459981881,"NC","NC-1","Butterfield","1761","B001251",0.0909090909090909,0,0,0.0909090909090909,0,0.045,"low"
"North Carolina","2",774723,4731,0.00610669878137089,"NC","NC-2","Ellmers","2036","E000291",0,0,0,0,0.0555555555555556,0,"low"
"North Carolina","3",759653,6543,0.00861314310612872,"NC","NC-3","Jones","612","J000255",NA,NA,NA,NA,NA,NA,"low"
"North Carolina","4",795798,1881,0.00236366515120671,"NC","NC-4","Price","930","P000523",0,0,0,0,0,0,"low"
"North Carolina","5",750233,3848,0.00512907323458179,"NC","NC-5","Foxx","1791","F000450",0.0625,0.25,0,0.0625,0.0625,0.094,"low"
"North Carolina","6",755280,3908,0.00517424001694736,"NC","NC-6","Coble","211","C000556",0,0,0,0,0,0,"low"
"North Carolina","7",772311,8870,0.0114850105721659,"NC","NC-7","McIntyre","1505","M000485",0.0833333333333333,0,0,0,0,0.021,"low"
"North Carolina","8",746671,5201,0.00696558457473238,"NC","NC-8","Hudson","2140","H001067",0,0,0,0,0.0222222222222222,0,"low"
"North Carolina","9",805960,940,0.00116631098317534,"NC","NC-9","Pittenger","2141","P000606",0.0416666666666667,0.0416666666666667,0,0,0.0416666666666667,0.021,"low"
"North Carolina","10",744808,2742,0.00368148569832762,"NC","NC-10","McHenry","1792","M001156",NA,NA,NA,NA,NA,NA,"low"
"North Carolina","11",744956,6027,0.00809041070882039,"NC","NC-11","Meadows","2142","M001187",0,0,0,0,0.032258064516129,0,"low"
"North Carolina","12",778251,1392,0.00178862603453128,"NC","NC-12","Watt","1207","W000207",0,0,0,0,0,0,"low"
"North Carolina","13",772469,5938,0.00768703986826656,"NC","NC-13","Holding","2143","H001065",0,0.285714285714286,0,0,0.142857142857143,0.071,"low"
"North Dakota","1",739482,41052,0.0555145358507712,"ND","ND-at_large","Cramer","2144","C001096",0,0,0,0,0,0,"low"
"Ohio","1",729726,983,0.00134708095915453,"OH","OH-1","Chabot","186","C000266",0,0.5,0,0,0,0.125,"low"
"Ohio","2",724587,2561,0.00353442719783822,"OH","OH-2","Wenstrup","2152","W000815",0,0,0,0,0,0,"low"
"Ohio","3",755499,580,0.000767704523765088,"OH","OH-3","Beatty","2153","B001281",0,0,0,0,0,0,"low"
"Ohio","4",709882,6031,0.00849577817158345,"OH","OH-4","Jordan","1868","J000289",0,0,0,0,0,0,"low"
"Ohio","5",730503,5823,0.00797121983071938,"OH","OH-5","Latta","1885","L000566",0.125,0,0,0.125,0,0.062,"low"
"Ohio","6",713457,9509,0.0133280632189466,"OH","OH-6","Johnson","2046","J000292",0,0.166666666666667,0,0,0,0.042,"low"
"Ohio","7",725548,8724,0.0120240149514574,"OH","OH-7","Gibbs","2049","G000563",0,0,0,0,0,0,"low"
"Ohio","8",722889,4127,0.00570903693374778,"OH","OH-8","Boehner","102","B000589",0,0,0,0,0,0,"low"
"Ohio","9",709813,2267,0.00319379893014076,"OH","OH-9","Kaptur","616","K000009",0.111111111111111,0.222222222222222,0,0,0,0.083,"low"
"Ohio","10",720794,1876,0.00260268537196481,"OH","OH-10","Turner","1741","T000463",0,0,0,0,0,0,"low"
"Ohio","11",699736,606,0.0008660409068563,"OH","OH-11","Fudge","1895","F000455",0,0,0,0,0,0,"low"
"Ohio","12",755978,2929,0.00387445137292355,"OH","OH-12","Tiberi","1664","T000462",0,0,0,0,0,0,"low"
"Ohio","13",707940,1017,0.00143656242054411,"OH","OH-13","Ryan","1756","R000577",0.5,0.0454545454545455,0,0,0,0.136,"low"
"Ohio","14",722474,3048,0.00421883694084493,"OH","OH-14","Joyce","2154","J000295",NA,NA,NA,NA,NA,NA,"low"
"Ohio","15",740854,3526,0.00475937229197656,"OH","OH-15","Stivers","2047","S001187",0.0645161290322581,0.032258064516129,0,0,0,0.024,"low"
"Ohio","16",724483,3307,0.00456463436685195,"OH","OH-16","Renacci","2048","R000586",0,0,0,0,0,0,"low"
"Oklahoma","1",781067,10611,0.0135852622118205,"OK","OK-1","Bridenstine","2155","B001283",0,0,0,0,0,0,"low"
"Oklahoma","2",749768,15059,0.0200848795894197,"OK","OK-2","Mullin","2156","M001190",0.1,0,0,0,0,0.025,"low"
"Oklahoma","3",776896,36645,0.0471684755745943,"OK","OK-3","Lucas","711","L000491",0,0,0,0,0,0,"low"
"Oklahoma","4",773994,19775,0.0255492936637752,"OK","OK-4","Cole","1742","C001053",0,0,0,0.25,0,0.062,"low"
"Oklahoma","5",796326,14425,0.01811444056831,"OK","OK-5","Lankford","2050","L000575",0,0,0,0,0,0,"low"
"Oregon","1",805943,7991,0.00991509325101155,"OR","OR-1","Bonamici","2092","B001278",0,0,0,0,0,0,"low"
"Oregon","2",784114,21763,0.0277548927834473,"OR","OR-2","Walden","1596","W000791",0.142857142857143,0,0,0,0,0.036,"low"
"Oregon","3",806382,3694,0.00458095542807255,"OR","OR-3","Blumenauer","99","B000574",0,0,0,0,0,0,"low"
"Oregon","4",775615,11850,0.0152781985907957,"OR","OR-4","DeFazio","279","D000191",0,0,0,0,0,0,"low"
"Oregon","5",798185,14889,0.01865357028759,"OR","OR-5","Schrader","1950","S001180",0,0,0,0,0,0,"low"
"Pennsylvania","1",716072,857,0.0011968070249919,"PA","PA-1","Brady","1469","B001227",0.0714285714285714,0,0,0,0,0.018,"low"
"Pennsylvania","2",716892,901,0.00125681413657845,"PA","PA-2","Fattah","371","F000043",NA,NA,NA,NA,NA,NA,"low"
"Pennsylvania","3",702323,6016,0.00856585929835702,"PA","PA-3","Kelly","2051","K000376",0,0.117647058823529,0,0,0,0.029,"low"
"Pennsylvania","4",719504,3499,0.00486307233872223,"PA","PA-4","Perry","2157","P000605",0,0,0,0,0,0,"low"
"Pennsylvania","5",700531,8935,0.01275461043123,"PA","PA-5","Thompson","1952","T000467",0.0188679245283019,0.0188679245283019,0,0.0188679245283019,0,0.014,"low"
"Pennsylvania","6",716612,3746,0.00522737548352525,"PA","PA-6","Gerlach","1743","G000549",0,0,0,0,0,0,"low"
"Pennsylvania","7",714577,5183,0.00725324212786026,"PA","PA-7","Meehan","2052","M001181",0,0,0,0.04,0,0.01,"low"
"Pennsylvania","8",713387,2571,0.0036039344703506,"PA","PA-8","Fitzpatrick","1797","F000451",0.127272727272727,0.0363636363636364,0,0.0181818181818182,0,0.045,"low"
"Pennsylvania","9",694973,10724,0.0154308152978605,"PA","PA-9","Shuster","1681","S001154",0,0,0,0,0.0344827586206897,0,"low"
"Pennsylvania","10",696416,10844,0.0155711528741442,"PA","PA-10","Marino","2053","M001179",0,0,0,0,0,0,"low"
"Pennsylvania","11",700342,4525,0.00646112899126427,"PA","PA-11","Barletta","2054","B001269",0,0,0,0,0,0,"low"
"Pennsylvania","12",704560,4597,0.00652463949131373,"PA","PA-12","Rothfus","2158","R000598",0,0.0666666666666667,0,0,0,0.017,"low"
"Pennsylvania","13",725185,880,0.00121348345594572,"PA","PA-13","Schwartz","1798","S001162",0,0,0,0,0,0,"low"
"Pennsylvania","14",701362,2200,0.0031367539159521,"PA","PA-14","Doyle","316","D000482",0,0,0,0,0,0,"low"
"Pennsylvania","15",722560,2486,0.00344054472984942,"PA","PA-15","Dent","1799","D000604",0,0,0,0,0,0,"low"
"Pennsylvania","16",722837,11589,0.016032660198634,"PA","PA-16","Pitts","1514","P000373",0,0,0,0,0,0,"low"
"Pennsylvania","17",707062,3233,0.00457244202064317,"PA","PA-17","Cartwright","2159","C001090",0,0,0,0.0204081632653061,0,0.005,"low"
"Pennsylvania","18",712014,8699,0.0122174563983292,"PA","PA-18","Murphy","1744","M001151",0,0,0,0,0,0,"low"
"Rhode Island","1",532145,937,0.00176079827866465,"RI","RI-1","Cicilline","2055","C001084",0,0.0952380952380952,0,0,0,0.024,"low"
"Rhode Island","2",523028,2009,0.00384109454943139,"RI","RI-2","Langevin","1668","L000559",0,0,0,0,0,0,"low"
"South Carolina","1",728626,1962,0.00269273948500328,"SC","SC-1","Sanford","1012","S000051",0,0,0,0,0,0,"low"
"South Carolina","2",686952,4170,0.00607029312091675,"SC","SC-2","Wilson","1688","W000795",0,0,0,0,0,0,"low"
"South Carolina","3",666489,3357,0.00503684231847787,"SC","SC-3","Duncan","2057","D000615",0,0,0,0,0,0,"low"
"South Carolina","4",703720,1821,0.00258767691695561,"SC","SC-4","Gowdy","2058","G000566",NA,NA,NA,NA,NA,NA,"low"
"South Carolina","5",684083,2922,0.00427141151000683,"SC","SC-5","Mulvaney","2059","M001182",0,0,0,0,0,0,"low"
"South Carolina","6",673637,4183,0.00620957578042774,"SC","SC-6","Clyburn","208","C000537",0.0526315789473684,0,0,0,0,0.013,"low"
"South Carolina","7",688975,3579,0.00519467324648935,"SC","SC-7","Rice","2160","R000597",0,0,0,0,0,0,"low"
"South Dakota","1",853175,33200,0.0389134702728045,"SD","SD-at_large","Noem","2060","N000184",0,0,0,0,0,0,"low"
"Tennessee","1",713317,2743,0.00384541515202918,"TN","TN-1","Roe","1954","R000582",NA,NA,NA,NA,NA,NA,"low"
"Tennessee","2",726315,2826,0.00389087379442804,"TN","TN-2","Duncan Jr.","322","D000533",NA,NA,NA,NA,NA,NA,"low"
"Tennessee","3",716365,1901,0.00265367515163359,"TN","TN-3","Fleischmann","2061","F000459",0,0,0,0,0,0,"low"
"Tennessee","4",747195,4675,0.00625673351668574,"TN","TN-4","DesJarlais","2062","D000616",0,0,0,0.0769230769230769,0,0.019,"low"
"Tennessee","5",751222,1684,0.00224168088793992,"TN","TN-5","Cooper","231","C000754",0,0,0,0,0,0,"low"
"Tennessee","6",733467,5614,0.00765405941916951,"TN","TN-6","Black","2063","B001273",0,0,0,0,0,0,"low"
"Tennessee","7",743173,3082,0.00414708284612062,"TN","TN-7","Blackburn","1748","B001243",0,0,0,0,0,0,"low"
"Tennessee","8",710910,4825,0.00678707571985202,"TN","TN-8","Fincher","2064","F000458",0,0,0,0,0,0,"low"
"Tennessee","9",707388,974,0.0013768964132838,"TN","TN-9","Cohen","1878","C001068",0.03125,0.09375,0,0.125,0,0.062,"low"
"Texas","1",712779,17653,0.0247664423334582,"TX","TX-1","Gohmert","1801","G000552",NA,NA,NA,NA,NA,NA,"low"
"Texas","2",737492,21170,0.0287053961263309,"TX","TX-2","Poe","1802","P000592",0.166666666666667,0.166666666666667,0,0,0,0.083,"low"
"Texas","3",792608,4392,0.00554120069441641,"TX","TX-3","Johnson","603","J000174",NA,NA,NA,NA,NA,NA,"low"
"Texas","4",719372,10975,0.0152563624939531,"TX","TX-4","Hall","484","H000067",0.275,0,0,0,0,0.069,"low"
"Texas","5",734553,6448,0.00877812765042141,"TX","TX-5","Hensarling","1749","H001036",0,0,0,0,0,0,"low"
"Texas","6",737480,5743,0.00778732982589358,"TX","TX-6","Barton","62","B000213",0.333333333333333,0,0,0,0,0.083,"low"
"Texas","7",770950,22892,0.0296932356183929,"TX","TX-7","Culberson","1670","C001048",0,0,0,0,0,0,"low"
"Texas","8",767431,21031,0.0274044181170685,"TX","TX-8","Brady","1468","B000755",0.214285714285714,0,0,0,0,0.054,"low"
"Texas","9",772152,7220,0.00935049057698484,"TX","TX-9","Green","1803","G000553",NA,NA,NA,NA,NA,NA,"low"
"Texas","10",771009,15314,0.0198622843572513,"TX","TX-10","McCaul","1804","M001157",0,0,0,0,0,0,"low"
"Texas","11",741069,48818,0.0658751074461352,"TX","TX-11","Conaway","1805","C001062",0,0,0,0,0,0,"low"
"Texas","12",750952,10978,0.0146187772321001,"TX","TX-12","Granger","1487","G000377",0,0.2,0,0,0,0.05,"low"
"Texas","13",707803,26508,0.0374510986814128,"TX","TX-13","Thornberry","1155","T000238",0,0,0,0,0,0,"low"
"Texas","14",724881,8134,0.0112211521615272,"TX","TX-14","Weber","2161","W000814",0,0,0,0,0,0,"low"
"Texas","15",764850,12229,0.0159887559652219,"TX","TX-15","Hinojosa","1490","H000636",0,0,0,0,0,0,"low"
"Texas","16",735246,2224,0.00302483794539515,"TX","TX-16","O&#x27;Rourke","2162","O000170",NA,NA,NA,NA,NA,NA,"low"
"Texas","17",740151,10438,0.0141025277274502,"TX","TX-17","Flores","2065","F000461",0.181818181818182,0,0,0,0,0.045,"low"
"Texas","18",750812,10844,0.0144430296798666,"TX","TX-18","Jackson-Lee","588","J000032",NA,NA,NA,NA,NA,NA,"low"
"Texas","19",719594,27513,0.0382340597614766,"TX","TX-19","Neugebauer","1758","N000182",0,0,0,0,0,0,"low"
"Texas","20",762801,4379,0.00574068466087486,"TX","TX-20","Castro","2163","C001091",0,0,0,0,0,0,"low"
"Texas","21",766190,6608,0.00862449261932419,"TX","TX-21","Smith","1075","S000583",0,0,0,0,0,0,"low"
"Texas","22",814594,21894,0.0268771928101606,"TX","TX-22","Olson","1955","O000168",0,0.010989010989011,0,0.00549450549450549,0.010989010989011,0.004,"low"
"Texas","23",743201,22522,0.0303040496447125,"TX","TX-23","Gallego","2164","G000572",0.166666666666667,0,0,0,0,0.042,"low"
"Texas","24",759022,3309,0.00435955743048291,"TX","TX-24","Marchant","1806","M001158",0.05,0.025,0,0,0.025,0.019,"low"
"Texas","25",748022,10613,0.0141880853771681,"TX","TX-25","Williams","2165","W000816",0.333333333333333,0,0,0,0,0.083,"low"
"Texas","26",783257,4913,0.00627252613126981,"TX","TX-26","Burgess","1751","B001248",0,0,0,0,0,0,"low"
"Texas","27",726394,20101,0.0276723100686404,"TX","TX-27","Farenthold","2067","F000460",0,0.0833333333333333,0,0,0,0.021,"low"
"Texas","28",725977,13653,0.0188063809184037,"TX","TX-28","Cuellar","1807","C001063",0.2,0,0,0,0,0.05,"low"
"Texas","29",749098,4251,0.00567482492277379,"TX","TX-29","Green","462","G000410",NA,NA,NA,NA,NA,NA,"low"
"Texas","30",744247,925,0.00124286695142876,"TX","TX-30","Johnson","599","J000126",NA,NA,NA,NA,NA,NA,"low"
"Texas","31",776518,4977,0.00640938136656201,"TX","TX-31","Carter","1752","C001051",0.0285714285714286,0,0,0,0,0.007,"low"
"Texas","32",747437,4302,0.00575566903966488,"TX","TX-32","Sessions","1525","S000250",0.0416666666666667,0.0416666666666667,0,0,0.208333333333333,0.021,"low"
"Texas","33",742701,2265,0.00304967948070623,"TX","TX-33","Veasey","2166","V000131",0.0833333333333333,0.0333333333333333,0,0,0,0.029,"low"
"Texas","34",717582,15538,0.0216532744689805,"TX","TX-34","Vela","2167","V000132",0.0277777777777778,0.0555555555555556,0,0,0,0.021,"low"
"Texas","35",767436,4758,0.00619986552624584,"TX","TX-35","Doggett","303","D000399",NA,NA,NA,NA,NA,NA,"low"
"Texas","36",731297,13049,0.0178436394515498,"TX","TX-36","Stockman","1114","S000937",0,0,0,0,0,0,"low"
"Utah","1",727828,11965,0.0164393235764494,"UT","UT-1","Bishop","1753","B001250",0,0,0,0,0,0,"low"
"Utah","2",729552,6488,0.00889312893392109,"UT","UT-2","Stewart","2168","S001192",0,0,0,0,0,0,"low"
"Utah","3",721048,4258,0.00590529340626422,"UT","UT-3","Chaffetz","1956","C001076",0,0,0,0,0,0,"low"
"Utah","4",764474,4885,0.00639001457211102,"UT","UT-4","Matheson","1671","M001142",0,0,0,0,0,0,"low"
"Vermont","1",626562,8558,0.0136586642662657,"VT","VT-at_large","Welch","1879","W000800",0,0,0,0.6,0,0.15,"low"
"Virginia","1",770044,3395,0.00440883897543517,"VA","VA-1","Wittman","1886","W000804",0.08,0,0,0,0,0.02,"low"
"Virginia","2",732346,2098,0.00286476610782335,"VA","VA-2","Rigell","2068","R000589",0,0.142857142857143,0,0,0,0.036,"low"
"Virginia","3",753380,955,0.00126762058987496,"VA","VA-3","Scott","1037","S000185",0,0,0,0,0,0,"low"
"Virginia","4",746976,3225,0.00431740778820203,"VA","VA-4","Forbes","1683","F000445",NA,NA,NA,NA,NA,NA,"low"
"Virginia","5",733330,6425,0.00876140346092482,"VA","VA-5","Hurt","2069","H001060",0,0,0,0,0,0,"low"
"Virginia","6",746357,5525,0.00740262367740907,"VA","VA-6","Goodlatte","446","G000289",0,0,0,0,0,0,"low"
"Virginia","7",769995,3144,0.00408314339703505,"VA","VA-7","Cantor","1674","C001046",0,0.1,0,0,0,0.025,"low"
"Virginia","8",774065,547,0.000706659001505042,"VA","VA-8","Moran","832","M000933",0,0,0,0.0571428571428571,0,0.014,"low"
"Virginia","9",715465,10050,0.0140468087188053,"VA","VA-9","Griffith","2070","G000568",0,0,0,0,0,0,"low"
"Virginia","10",802127,1742,0.00217172592370036,"VA","VA-10","Wolf","1238","W000672",0.0285714285714286,0.0285714285714286,0,0.0285714285714286,0,0.021,"low"
"Virginia","11",782204,413,0.000527995254434904,"VA","VA-11","Connolly","1959","C001078",0.0108695652173913,0.0108695652173913,0,0,0,0.005,"low"
"Washington","1",713399,6425,0.0090061802721899,"WA","WA-1","DelBene","2096","D000617",0,0,0,0,0,0,"low"
"Washington","2",708323,4284,0.00604808823093419,"WA","WA-2","Larsen","1675","L000560",0,0,0,0,0,0,"low"
"Washington","3",697884,6830,0.00978672673395579,"WA","WA-3","Herrera Beutler","2071","H001056",0,0,0,0,0,0,"low"
"Washington","4",704219,45398,0.0644657414809882,"WA","WA-4","Hastings","512","H000329",0,0,0,0,0,0,"low"
"Washington","5",690518,6934,0.0100417367831107,"WA","WA-5","McMorris Rodgers","1809","M001159",0,0,0,0,0,0,"low"
"Washington","6",676910,5576,0.0082374318594791,"WA","WA-6","Kilmer","2169","K000381",0,0.02,0,0.02,0,0.01,"low"
"Washington","7",732733,2640,0.00360294950548153,"WA","WA-7","McDermott","766","M000404",0,0,0,0.0571428571428571,0,0.014,"low"
"Washington","8",711629,8676,0.012191745979998,"WA","WA-8","Reichert","1810","R000578",0,0,0,0,0,0,"low"
"Washington","9",711466,2118,0.00297695181498483,"WA","WA-9","Smith","1528","S000510",NA,NA,NA,NA,NA,NA,"low"
"Washington","10",714449,3598,0.00503604875925363,"WA","WA-10","Heck","2170","H001064",0,0,0,0,0,0,"low"
"West Virginia","1",616232,13253,0.0215065105349933,"WV","WV-1","McKinley","2074","M001180",0.25,0,0,0,0,0.062,"low"
"West Virginia","2",628276,8767,0.0139540584074515,"WV","WV-2","Capito","1676","C001047",0.0857142857142857,0,0,0,0,0.021,"low"
"West Virginia","3",605818,16789,0.0277129434912796,"WV","WV-3","Rahall II","940","R000011",NA,NA,NA,NA,NA,NA,"low"
"Wisconsin","1",712072,5005,0.00702878360615219,"WI","WI-1","Ryan","1560","R000570",NA,NA,NA,NA,NA,NA,"low"
"Wisconsin","2",740988,10365,0.0139880807786361,"WI","WI-2","Pocan","2171","P000607",0,0,0,0.0769230769230769,0,0.019,"low"
"Wisconsin","3",718518,14702,0.0204615611578276,"WI","WI-3","Kind","1498","K000188",0,0,0,0,0,0,"low"
"Wisconsin","4",717657,1185,0.00165120663492448,"WI","WI-4","Moore","1811","M001160",0.0740740740740741,0,0,0,0,0.019,"low"
"Wisconsin","5",722537,4391,0.00607719743071981,"WI","WI-5","Sensenbrenner","1041","S000244",0,0,0,0,0,0,"low"
"Wisconsin","6",712031,9701,0.0136244068025128,"WI","WI-6","Petri","912","P000265",0,0,0,0,0,0,"low"
"Wisconsin","7",711006,15950,0.0224330033783119,"WI","WI-7","Duffy","2072","D000614",0.0769230769230769,0,0,0,0,0.019,"low"
"Wisconsin","8",722755,11821,0.0163554731548035,"WI","WI-8","Ribble","2073","R000587",0.181818181818182,0,0,0,0,0.045,"low"
"Wyoming","1",584153,38041,0.0651216376531491,"WY","WY-at_large","Lummis","1960","L000571",0,1,0,0,0,0.25,"low"
